"conversation_id_str","created_at","favorite_count","full_text","id_str","image_url","in_reply_to_screen_name","lang","location","quote_count","reply_count","retweet_count","tweet_url","user_id_str","username"
"1927014169628332456","Mon May 26 14:49:14 +0000 2025","10490","People will get lots of jokes off about Macron getting slapped by his wife but real talk: If you re in a relationship where someone puts hands on you LEAVE. It s not normal and there s no excuse for it. People who love and respect you don t hit you. https://t.co/wCJj0sPnvK","1927014169628332456","https://pbs.twimg.com/amplify_video_thumb/1927009768922566656/img/Vu-d7iSKvAyG1zJY.jpg","","en","","209","1250","1739","https://x.com/undefined/status/1927014169628332456","16523905",
"1927032590617178229","Mon May 26 16:02:26 +0000 2025","3443","Amerix: Don't marry a woman older than you. It might look exciting at first but in the long run she will harm you. Soy-men and simps: Tell that to Macron he will laugh at you. Macron: https://t.co/k4pPZ20gkm","1927032590617178229","https://pbs.twimg.com/amplify_video_thumb/1927032102551228416/img/eUgbrabpug9CvPNN.jpg","","en","","30","236","711","https://x.com/undefined/status/1927032590617178229","34908371",
"1927005461259161837","Mon May 26 14:14:38 +0000 2025","52709","Macron was 15. His teacher Brigette was 40 and married with an 18 year old. The slap is merely a minuscule tip of that iceberg. https://t.co/ajN61Qv71T","1927005461259161837","https://pbs.twimg.com/media/Gr4ZC8FWsAA8-xQ.jpg","","en","","524","1350","7361","https://x.com/undefined/status/1927005461259161837","1552795969959636992",
"1926991882384466011","Mon May 26 13:20:41 +0000 2025","5983","Macron's office claims that it was a moment of togetherness when his wife decked him in the face. LOL https://t.co/jAbv8JPQwG","1926991882384466011","https://pbs.twimg.com/amplify_video_thumb/1926991608777478145/img/YmPb8CdYi7I85ikA.jpg","","en","","102","753","1025","https://x.com/undefined/status/1926991882384466011","1355721251180961792",
"1927038560026161219","Mon May 26 16:26:10 +0000 2025","5241","The puppet president of France Emmanuel Macron has been slapped in the face publicly by the creature masquerading as his wife. https://t.co/PBQbxJSvwJ","1927038560026161219","https://pbs.twimg.com/amplify_video_thumb/1927038485216608256/img/XDojmYslrKO-dx_J.jpg","","en","","133","603","1168","https://x.com/undefined/status/1927038560026161219","109065990",
"1927094389244821530","Mon May 26 20:08:00 +0000 2025","3294","Macron just became the face of Men s Domestic Violence Awareness. https://t.co/nxXci68MkM","1927094389244821530","https://pbs.twimg.com/amplify_video_thumb/1927089499575635968/img/fXcO-ijxu321K6df.jpg","","en","","61","127","677","https://x.com/undefined/status/1927094389244821530","1667904233419440129",
"1927008543971881070","Mon May 26 14:26:53 +0000 2025","2827","Everyone is mocking Macron but in reality there is nothing funny about domestic abuse and he has been abused by his husband since he was 14! https://t.co/3v7IaCQ2R0","1927008543971881070","https://pbs.twimg.com/amplify_video_thumb/1927008483280396288/img/147JzjmQg9tNfa2w.jpg","","en","","45","222","408","https://x.com/undefined/status/1927008543971881070","1617608573227352069",
"1927112453793484925","Mon May 26 21:19:47 +0000 2025","3036","Meanwhile Behind the scenes in the Macron household https://t.co/lhQ8C3Ja4K","1927112453793484925","https://pbs.twimg.com/amplify_video_thumb/1927112402870366208/img/8yaZCHODbqTIqKtz.jpg","","en","","65","203","539","https://x.com/undefined/status/1927112453793484925","1519041477384585218",
"1927025096339710419","Mon May 26 15:32:40 +0000 2025","78704","Macron blink twice if you need help. https://t.co/BRCEert9Rg","1927025096339710419","https://pbs.twimg.com/amplify_video_thumb/1927014043480457216/img/P-MTIOl9tIfkCZ2c.jpg","","en","","1132","3482","10029","https://x.com/undefined/status/1927025096339710419","1552795969959636992",
"1927025173829443783","Mon May 26 23:01:13 +0000 2025","77","@ThrillaRilla369 Here are Zelensky and Macron before they became presidents. It feels like we re all part of one big show... https://t.co/dkcfwsuKPK","1927137979467809042","https://pbs.twimg.com/amplify_video_thumb/1921739981241958401/img/soHQMXkG0EfYZnT5.jpg","ThrillaRilla369","en","","0","3","35","https://x.com/undefined/status/1927137979467809042","1786938591441997824",
"1927068439757066324","Mon May 26 18:24:53 +0000 2025","1273","DOMESTIC ABUSE: If you re laughing you need to realize that Macron is a victim. His wife began grooming him at 15 and there is a 24 year age difference between them. Victims of domestic abuse are very reluctant to seek help. He needs your help. https://t.co/65L0aQicIy","1927068439757066324","https://pbs.twimg.com/amplify_video_thumb/1927014043480457216/img/P-MTIOl9tIfkCZ2c.jpg","","en","","31","229","266","https://x.com/undefined/status/1927068439757066324","4239551",
"1927005364123312500","Mon May 26 14:14:15 +0000 2025","2375","Video: Looks like Brigitte Macron 72 is as sick of her smug man-child husband Emmanuel 47 as the rest of the world is. Vive La France! üá´üá∑ https://t.co/amRj6w4iWH","1927005364123312500","https://pbs.twimg.com/ext_tw_video_thumb/1927005327167262721/pu/img/0MbmYml-F8ZoCb4r.jpg","","en","","33","244","511","https://x.com/undefined/status/1927005364123312500","32201297",
"1926978260740485298","Mon May 26 12:26:33 +0000 2025","1299","French President Emmanuel Macron who's 47 years old has been slapped by his 72 years old wife Brigitte. I like his tolerance. https://t.co/810MfwW9JY","1926978260740485298","https://pbs.twimg.com/ext_tw_video_thumb/1926978223402856448/pu/img/AG1SZCfD-ZF1oAxi.jpg","","en","","31","214","266","https://x.com/undefined/status/1926978260740485298","1462725421",
"1927047734021718092","Mon May 26 17:02:37 +0000 2025","24","French President Macron (age 47) face is shoved by his wife (age 72). I mean she has been disciplining him since he was 15 as his teacher. But this is unacceptable. What does it say to the world. Putting your hands on anyone is wrong in any situation. And let s not pretend this https://t.co/Zahqkvc7Iy","1927047734021718092","https://pbs.twimg.com/amplify_video_thumb/1927044433398177792/img/l8DyQGrmtril-qZG.jpg","","en","","1","6","5","https://x.com/undefined/status/1927047734021718092","18189286",
"1926980154531652092","Mon May 26 12:34:05 +0000 2025","158","Emmanuel Macron gets a palm to the face from wife Brigitte and officials are calling it a moment of closeness. If that s closeness remind me never to get married in France. https://t.co/z3AJczyQSw","1926980154531652092","https://pbs.twimg.com/amplify_video_thumb/1926980097854029824/img/fdGPeaYNZHoBqCxl.jpg","","en","","3","36","101","https://x.com/undefined/status/1926980154531652092","885799904",
"1927006263537172961","Mon May 26 14:17:49 +0000 2025","4034","I genuinely feel bad for Emmanuel Macron. Brigitte is a pedophile who groomed and abused him when he was just a child! I m not saying he s a good person but he clearly was and still is a victim and it s very sad. https://t.co/a5nXTOJBZM","1927006263537172961","https://pbs.twimg.com/amplify_video_thumb/1926982358814556160/img/qersYI7-u4sdypC7.jpg","","en","","42","285","733","https://x.com/undefined/status/1927006263537172961","18279320",
"1926986799395549377","Mon May 26 13:00:29 +0000 2025","3740","Emmanuel Macron' wife keeps his pimp hand strong. How humiliating. https://t.co/I9PuCd3Ziv","1926986799395549377","https://pbs.twimg.com/amplify_video_thumb/1926939448983302144/img/YqrQT52DSZ9M0F4n.jpg","","en","","368","462","848","https://x.com/undefined/status/1926986799395549377","1588985053308239872",
"1927083500584206712","Mon May 26 19:24:44 +0000 2025","2746","Moments after hitting Emmanuel Macron in the face. https://t.co/5HVcZTuAGv","1927083500584206712","https://pbs.twimg.com/media/Gr5gL4cXkAAPDh_.jpg","","en","","12","47","161","https://x.com/undefined/status/1927083500584206712","1041042565267697666",
"1926949213264335058","Mon May 26 10:31:08 +0000 2025","110","Brigitte Macron met Emmanuel Macron in 1993. She was 39 years old then and a teacher at a school and Emmanuel Macron was a 15 year old student in same school. It's 2025 and looks like Brigitte can smack around his student Emmanuel any time she wants. And we will just skip the https://t.co/MXJr9DZUZG","1926949213264335058","https://pbs.twimg.com/amplify_video_thumb/1926948128571138048/img/AmL_wsmZGE7obVnl.jpg","","en","","0","2","27","https://x.com/undefined/status/1926949213264335058","1347766542117662720",
"1927014235541831760","Mon May 26 14:49:30 +0000 2025","1113","BREAKING: Emmanuel Macron gets shoved on camera and the media barely blinks. If this were Trump it d be a media frenzy. The double standard is real. Is this due to his behind the scenes habit? Please share because legacy media won t! Thoughts? ‚¨áÔ∏è üá∫üá∏ https://t.co/ZB3mMnRb0P","1927014235541831760","https://pbs.twimg.com/ext_tw_video_thumb/1927014205720236033/pu/img/N24jqpOBTYUrDetW.jpg","","en","","64","195","446","https://x.com/undefined/status/1927014235541831760","44288572",
"1926987249524043974","Mon May 26 13:02:16 +0000 2025","158","OUCHIE! Emmanuel Macron s hubby gives him a face-palm smackdown right as he stumbles off the plane! https://t.co/BlmevFVJ88","1926987249524043974","https://pbs.twimg.com/amplify_video_thumb/1926987146637791232/img/2QXe_LkDuV-PmHFP.jpg","","en","","8","18","28","https://x.com/undefined/status/1926987249524043974","1281998654723612677",
"1926987168267800842","Mon May 26 13:01:57 +0000 2025","182","If you re feeling down today just know that the president of #France just got slapped into the face in front of the entire world. #Macron #MarszZaPolskƒÖ https://t.co/EF3AqzOD91","1926987168267800842","https://pbs.twimg.com/media/Gr4IneqXYAAdwNz.jpg","","en","","4","21","46","https://x.com/undefined/status/1926987168267800842","1190355040189501440",
"1926925153457381670","Mon May 26 08:55:31 +0000 2025","25285","Macron slapped by his wife Brigitte. https://t.co/cZDzdgPZnq","1926925153457381670","https://pbs.twimg.com/amplify_video_thumb/1926924842613243904/img/WohN78djqqniUtmx.jpg","","en","","838","2397","3938","https://x.com/undefined/status/1926925153457381670","1429400366819512323",
"1926942011828982150","Mon May 26 10:02:31 +0000 2025","3199","Brigitte Macron gives Emmanuel Macron a hand to face before they both deplane in Viet Nam. https://t.co/250OtYSztB","1926942011828982150","https://pbs.twimg.com/ext_tw_video_thumb/1926941965519650816/pu/img/9yewqF8-zbi3x9hq.jpg","","en","","34","142","370","https://x.com/undefined/status/1926942011828982150","1139029234163245056",
"1927060022955069638","Mon May 26 17:51:27 +0000 2025","108","Glory to Ukraine. Honor to their resistance dignity and resilience #SlavaUkraini #Ukraine #Trump #Merz #Macron #Starmer #StandWithUkraine #Ucraina https://t.co/TcvGBrHkXt","1927060022955069638","https://pbs.twimg.com/tweet_video_thumb/Gr5K39AWkAAlY4K.jpg","","en","","0","11","20","https://x.com/undefined/status/1927060022955069638","1345444367465635840",
"1927032993387868533","Mon May 26 16:04:02 +0000 2025","342","Emmanuel Macron gets hit by his abuser. This family is a disgrace to the country of France. https://t.co/vl7r4hqSl6","1927032993387868533","https://pbs.twimg.com/amplify_video_thumb/1927032816996347904/img/ezGjyMXpS-0IH3Lm.jpg","","en","","4","58","57","https://x.com/undefined/status/1927032993387868533","1704450148552638464",
"1927036233005310169","Mon May 26 16:16:55 +0000 2025","15729","After first calling it Russian disinformation Emmanuel Macron has now pivoted and is telling the press that he and his 80 year old husband were play-fighting . Ever play-fight with a senior citizen? Also Brigitte refused his hand coming down the stairs. https://t.co/qkZ2u9LPpQ","1927036233005310169","https://pbs.twimg.com/media/Gr41PWCW8AEiOnb.jpg","","en","","128","831","2473","https://x.com/undefined/status/1927036233005310169","878247600096509952",
"1927152456284221737","Mon May 26 23:58:44 +0000 2025","448","BREAKING: Surveillance video of President Macron and Brigette on the plane! https://t.co/3ACeVD3FVr","1927152456284221737","https://pbs.twimg.com/tweet_video_thumb/Gr6dfm7XoAANF7y.jpg","","en","","3","88","56","https://x.com/undefined/status/1927152456284221737","1830302921789259776",
"1927108588540998039","Mon May 26 21:04:26 +0000 2025","447","Haha Macron got slapped by his husband then waves it off like nothing happened lol https://t.co/NXJi0nEuJG https://t.co/7H6cDZKHwo","1927108588540998039","https://pbs.twimg.com/amplify_video_thumb/1927108442461704192/img/W_LbryXghbLy3-x9.jpg","","en","","12","102","100","https://x.com/undefined/status/1927108588540998039","1634986333721559041",
"1926971130046230535","Mon May 26 12:04:09 +0000 2025","350","@catturd2 Also look how ET refuses when Macron offers his arm as they walk down the steps after the slap/push. https://t.co/crMRX4KUrc","1926972625231692267","https://pbs.twimg.com/ext_tw_video_thumb/1926972577269821440/pu/img/1_kBNrfMJDXoniBh.jpg","catturd2","en","","8","39","85","https://x.com/undefined/status/1926972625231692267","1139029234163245056",
"1926990049544982875","Mon May 26 13:13:24 +0000 2025","13648","Let s never forget the ultimate side-eye moment from Giorgia Meloni during her now-iconic meeting with Macron (June 2024) That mix of feminine instinct Roman spirit and pure Italian üáÆüáπ flair gives our Prime Minister an absolutely unmatched radar https://t.co/0q5P0HxUTO","1926990049544982875","https://pbs.twimg.com/amplify_video_thumb/1867909379221020672/img/MIe2ttGYUbSkePEE.jpg","","en","","75","428","1282","https://x.com/undefined/status/1926990049544982875","47737880",
"1926958777841951105","Mon May 26 11:09:08 +0000 2025","1484","Imagine for one moment if Macron pushed his wife in the face like this? Imagine!! Domestic abuse against men is common and widely ignored. All violence is unacceptable. https://t.co/iQeN6Eumcg","1926958777841951105","https://pbs.twimg.com/amplify_video_thumb/1926938523262754816/img/zbScad_vQY_Ycfo3.jpg","","en","","44","248","259","https://x.com/undefined/status/1926958777841951105","951222365878353922",
"1926748478991892979","Sun May 25 21:13:29 +0000 2025","860","Kemi Badenoch leader of the Conservatives in Britain backs Netanyahu in an attack against the leaders of the countries that came out against Israel: If Hamas praises the words of Macron and Starmer - something is wrong. Israel is fighting a terrorist organization that wants https://t.co/CVpjAEQXhr","1926748478991892979","https://pbs.twimg.com/amplify_video_thumb/1926748417591590913/img/Mk9qu9Exj2eWd6uz.jpg","","en","","10","6","159","https://x.com/undefined/status/1926748478991892979","23077092",
"1926937496522256568","Mon May 26 09:44:34 +0000 2025","193","Macron should talk less and do more on Ukraine! https://t.co/7XC8jIHarE","1926937496522256568","https://pbs.twimg.com/media/Gr3bcAKW8AAQlKO.jpg","","en","","0","8","26","https://x.com/undefined/status/1926937496522256568","1729107578917957632",
"1927004294370169334","Mon May 26 14:10:00 +0000 2025","117","Brigitte macron isn t taking any prisoners today https://t.co/YuXqkS9poa","1927004294370169334","https://pbs.twimg.com/media/Gr4YMWUXQAAk6Xp.jpg","","en","","3","13","18","https://x.com/undefined/status/1927004294370169334","1822321218717925376",
"1927101289168589033","Mon May 26 20:35:25 +0000 2025","182","The President of France Emmanuel Macron was smacked in the face by his wife Brigitte as they exit a plane in Vietnam. He said: I was bickering or rather joking with my wife. It's nothing. Look at his face and his fist. https://t.co/flMw23bCie","1927101289168589033","https://pbs.twimg.com/ext_tw_video_thumb/1927101254804598784/pu/img/KZpaEmGNWlQKlL-y.jpg","","en","","13","48","47","https://x.com/undefined/status/1927101289168589033","1400084836602294272",
"1926992241240785280","Mon May 26 13:22:06 +0000 2025","1434","Brigitte 1 - Macron 0 https://t.co/P1l9BfSDE9","1926992241240785280","https://pbs.twimg.com/media/Gr4NOJkXMAA9yo7.jpg","","en","","6","64","208","https://x.com/undefined/status/1926992241240785280","1520737910554824706",
"1927012058073022685","Mon May 26 14:40:51 +0000 2025","466","We don t talk enough about the fact that France s First Lady Brigitte Macron groomed future President Emmanuel Macron when she was 40 and he was only FIFTEEN. Why was she allowed to get away with grooming such a young boy? https://t.co/zQbHGeLhMG","1927012058073022685","https://pbs.twimg.com/media/Gr4fQKcW8AAGC36.jpg","","en","","9","53","95","https://x.com/undefined/status/1927012058073022685","1480941439605522440",
"1926920359330079210","Mon May 26 08:36:28 +0000 2025","169","We've been at war with the French since 1066. Macron knows this. Starmer hasn't a clue. https://t.co/Hva3k2AMyJ","1926920359330079210","https://pbs.twimg.com/media/Gr3LqgKWAAA0j8a.jpg","","en","","2","5","31","https://x.com/undefined/status/1926920359330079210","861989837930409984",
"1927078239853265029","Mon May 26 19:03:50 +0000 2025","76","When your wife slaps you mid-conversation but you re still smiling because you re on camera and she s the real President anyway. üá´üá∑ #PowerCouple #Macron #france https://t.co/ZU94WpB2OX","1927078239853265029","https://pbs.twimg.com/amplify_video_thumb/1927077627925286913/img/hmsE0q9JWcoTFAt2.jpg","","en","","3","5","7","https://x.com/undefined/status/1927078239853265029","913378155712405505",
"1927099201650897357","Mon May 26 20:27:08 +0000 2025","114","Macron Meme template. Show me what you got. https://t.co/GsBtiWkjBf","1927099201650897357","https://pbs.twimg.com/media/Gr5ugyeW0AE2Mm7.jpg","","en","","3","27","13","https://x.com/undefined/status/1927099201650897357","1568392726122561537",
"1926906197833068710","Mon May 26 07:40:12 +0000 2025","4203","Macron is a constant humiliation for France. He just got slapped by his husband the teacher that abused him when he was a minor. This same clown wants to go to war against Russia.... https://t.co/U7GomrqtuB","1926906197833068710","https://pbs.twimg.com/ext_tw_video_thumb/1926906047270121472/pu/img/z-C4Of0PrR9wjGZj.jpg","","en","","125","319","1110","https://x.com/undefined/status/1926906197833068710","1284037838066061313",
"1927016779013902626","Mon May 26 14:59:37 +0000 2025","488","This took balls. Someone said Boys will be boys Macron slapped by his wife Brigitte. https://t.co/wYuXP4UNq4","1927016779013902626","https://pbs.twimg.com/amplify_video_thumb/1927016049410523136/img/Qs5LIu8A1W41grLk.jpg","","en","","3","58","69","https://x.com/undefined/status/1927016779013902626","1722567099229601792",
"1927081620508479537","Mon May 26 19:17:16 +0000 2025","385","‚ÄºÔ∏èüá´üá∑ Here's a higher-quality version of today s most viral video. Enjoy! #Macron https://t.co/aGkx0nXzKe","1927081620508479537","https://pbs.twimg.com/ext_tw_video_thumb/1927081592276525056/pu/img/2bEqdNwkDGIMtyn3.jpg","","en","","24","62","123","https://x.com/undefined/status/1927081620508479537","1054005408661204992",
"1919748362477220167","Mon May 26 12:42:27 +0000 2025","174","Weak globalist Emmanuel Macron is a constant humiliation for France. He just got slapped by his husband Brigitte the teacher that abused him even when he was a minor. And the media lied about it covering it up. https://t.co/aJWm3zYgH3","1926982263448740122","https://pbs.twimg.com/amplify_video_thumb/1926982195513618432/img/RrQfMB7K3BVz9qk6.jpg","DeepBlueCrypto","en","","11","48","58","https://x.com/undefined/status/1926982263448740122","44628092",
"1927067711856677026","Mon May 26 18:22:00 +0000 2025","1180","Oh my God! French President Macron Slapped by his 80 year old Husband Sorry Mother ... Wait Teacher No I meant Wife Global embarassment. Hawa wakoloni are weaklings kihii tupu Busy selling us fear in Africa. With wealth looted from us https://t.co/SdeG9YMmDJ","1927067711856677026","https://pbs.twimg.com/ext_tw_video_thumb/1927067584773382144/pu/img/FAxYV749Duzx_vl6.jpg","","en","","7","105","242","https://x.com/undefined/status/1927067711856677026","1883969677",
"1927026706302296282","Mon May 26 15:39:03 +0000 2025","510","Live look at Brigitte Macron manhandling his husband Emmanuel. https://t.co/wyI1zm3ti4","1927026706302296282","https://pbs.twimg.com/tweet_video_thumb/Gr4sjxFXUAExBFu.jpg","","en","","0","47","68","https://x.com/undefined/status/1927026706302296282","1139029234163245056",
"1926966165298962815","Mon May 26 11:38:29 +0000 2025","3721","On the one hand I feel bad for Macron. That s humiliating to get attacked by your wife s claws while the cameras are rolling. But on the other hand that terror-supporting brat deserves it As they say couldn t have happened to a better man right? https://t.co/XRIF0OtSz3","1926966165298962815","https://pbs.twimg.com/amplify_video_thumb/1926955738464681984/img/92QW-V8ev15qmhpa.jpg","","en","","41","319","549","https://x.com/undefined/status/1926966165298962815","986232040021549056",
"1927016594963656824","Mon May 26 14:58:53 +0000 2025","101","Leo the leak became a wef young leader in 2018. Emmanuel Macron gained an invitation in 2016 New Zealand's Jacinda Ardern in 2014. Notice how it's leaders that like to push the agendas in their countries. What will spineless Harris inflict on us now? https://t.co/5ptiCSBHya","1927016594963656824","https://pbs.twimg.com/media/Gr4jYWrXIAAU-QL.jpg","","en","","1","16","29","https://x.com/undefined/status/1927016594963656824","1237668233550979072",
"1927062090801357081","Mon May 26 17:59:40 +0000 2025","5485","Brigitte Macron is a man. https://t.co/bBfuv1kASS","1927062090801357081","https://pbs.twimg.com/media/Gr5MwgWXYAAj9Ps.jpg","","en","","55","208","1078","https://x.com/undefined/status/1927062090801357081","1786938591441997824",
"1926952721652793459","Mon May 26 10:45:04 +0000 2025","1936","Macron bitchslapped by 72-year-old wife Brigitte...his people claim it was a playful not angry slap https://t.co/3d15JVZFst","1926952721652793459","https://pbs.twimg.com/amplify_video_thumb/1926913730844950528/img/mD3_YlquLIaigFw8.jpg","","en","","30","236","227","https://x.com/undefined/status/1926952721652793459","25235151",
"1926930001795965281","Mon May 26 09:14:47 +0000 2025","1614","Russian Propaganda Alert: Unbelievable but true! Wife beats President Macron. https://t.co/QS74Q02zoc","1926930001795965281","https://pbs.twimg.com/amplify_video_thumb/1926929919654711296/img/W7YzjuY3biNVDpIJ.jpg","","en","","29","117","326","https://x.com/undefined/status/1926930001795965281","1336257308293292035",
"1926980829416182099","Mon May 26 12:36:45 +0000 2025","1560","SHOCKING: French President Emmanuel Macron SHOVED IN THE FACE by his wife Brigitte as they exit a plane in Vietnam! This looks like an EXTREMELY toxic relationship. Imagine your husband leading a nation trying to stand up to powerhouses like Putin &amp; Trump &amp; his toxic wife https://t.co/7PWc1CkaG7","1926980829416182099","https://pbs.twimg.com/ext_tw_video_thumb/1926980808474030080/pu/img/ICUiY7bEbDN76S1p.jpg","","en","","59","254","405","https://x.com/undefined/status/1926980829416182099","53313935",
"1926990750379598009","Mon May 26 13:16:11 +0000 2025","897","Close-up view of Brigitte Macron shoving Emmanuel in the face on Sunday. Brigitte is 25 years older than Emmanuel. https://t.co/N9rdpTaKHy","1926990750379598009","https://pbs.twimg.com/amplify_video_thumb/1926990647170347008/img/8tS45cHUwJw0Smbq.jpg","","en","","49","166","319","https://x.com/undefined/status/1926990750379598009","32804484",
"1926970032652722637","Mon May 26 11:53:51 +0000 2025","641","This is a holocaust! Trump Macron Starmer and Merz and Netanyahu are burning kids alive! #GazaGenocide https://t.co/SiIjAk3xhf","1926970032652722637","https://pbs.twimg.com/ext_tw_video_thumb/1926969940457803776/pu/img/7KsiafihdJTDxBbQ.jpg","","en","","17","40","330","https://x.com/undefined/status/1926970032652722637","3170980063",
"1926825351214252427","Mon May 26 02:18:57 +0000 2025","1150","Kemi Badenoch leader of the Conservatives in Britain backs Netanyahu in an attack against the leaders of the countries that came out against Israel: If Hamas praises the words of Macron and Starmer - something is wrong. Israel is fighting a terrorist organization that wants https://t.co/LDKo3J8qGF","1926825351214252427","https://pbs.twimg.com/ext_tw_video_thumb/1926825276098420736/pu/img/SzSeleFwhrFMGpsD.jpg","","en","","14","94","305","https://x.com/undefined/status/1926825351214252427","27670488",
"1927069268929020342","Mon May 26 18:28:11 +0000 2025","166","President Emmanuel Macron with friends with wife https://t.co/wnRS7d7cn7","1927069268929020342","https://pbs.twimg.com/ext_tw_video_thumb/1927069253879906304/pu/img/iK7KYKAdVpn-j7Fb.jpg","","en","","1","3","15","https://x.com/undefined/status/1927069268929020342","1031808758219976706",
"1927042211478114748","Mon May 26 16:41:05 +0000 2025","686","@catturd2 Brigitte macron isn t taking any prisoners https://t.co/La6MGVhfnf","1927042316402835913","https://pbs.twimg.com/media/Gr46xhnXEAEY-GC.jpg","catturd2","en","","2","18","38","https://x.com/undefined/status/1927042316402835913","1822321218717925376",
"1926902122878017639","Mon May 26 07:24:00 +0000 2025","517","A hand emerges from a red jacket and slaps the president. This isn t a comedy sketch it s Macron and Brigitte s official arrival in Vietnam. https://t.co/nUAECSx99D","1926902122878017639","https://pbs.twimg.com/amplify_video_thumb/1926902041890148353/img/NwWA24SFbU3ZjPU9.jpg","","en","","19","59","142","https://x.com/undefined/status/1926902122878017639","1617456511541714945",
"1927067514376245719","Mon May 26 18:21:13 +0000 2025","77","President of France üá´üá∑ Macron got slapped by this wife and he seems visibly upset #Macron https://t.co/NmGIeBl7Ge","1927067514376245719","https://pbs.twimg.com/amplify_video_thumb/1927067377994231809/img/PabeaYcwngG4RaSZ.jpg","","en","","7","19","12","https://x.com/undefined/status/1927067514376245719","58150966",
"1926958555942265236","Mon May 26 11:08:15 +0000 2025","451","This is the woman who just beat the crap out of Emmanuel Macron https://t.co/gE2Z6LonRY","1926958555942265236","https://pbs.twimg.com/media/Gr3ul8_XwAAFyzv.jpg","","en","","13","250","77","https://x.com/undefined/status/1926958555942265236","1026576700610621441",
"1926991108573106573","Mon May 26 13:17:36 +0000 2025","128","Macron standing there for a second and waving awkwardly after being slapped is so fucking cartoony https://t.co/yWGQZV2Jnz","1926991108573106573","https://pbs.twimg.com/ext_tw_video_thumb/1926940727319187457/pu/img/ADTDhKkrZBHHEYZZ.jpg","","en","","9","12","26","https://x.com/undefined/status/1926991108573106573","9275052",
"1927019492808282384","Mon May 26 15:10:24 +0000 2025","7980","France s President Emmanuel Macron was hit in the face by his wife as they arrived in Vietnam. https://t.co/KahvlgoTN7","1927019492808282384","https://pbs.twimg.com/amplify_video_thumb/1926939448983302144/img/YqrQT52DSZ9M0F4n.jpg","","en","","161","1094","1518","https://x.com/undefined/status/1927019492808282384","15212187",
"1926957657258070072","Mon May 26 11:04:41 +0000 2025","168","Bro smacking bro. These people are so evil and ridiculous. Brigitte is a dude. Macron is a deep state puppet liar. https://t.co/Otb7INmODy","1926957657258070072","https://pbs.twimg.com/amplify_video_thumb/1926957599150276610/img/q_emMr_rOa84qTAB.jpg","","en","","1","27","37","https://x.com/undefined/status/1926957657258070072","1671220869236916231",
"1926962882530410560","Mon May 26 11:25:27 +0000 2025","81","Brigitte: Do I look fat? Emmanuel Macron: *thinks for 2 seconds* Brigitte: **SLAP** https://t.co/RH5PsS34n4","1926962882530410560","https://pbs.twimg.com/ext_tw_video_thumb/1926962814217793536/pu/img/l1u_e3Q5JyatYNi0.jpg","","en","","4","11","21","https://x.com/undefined/status/1926962882530410560","1292467052876242945",
"1927129797932593421","Mon May 26 22:28:42 +0000 2025","53"," Everyone has a plan until they get punched in the mouth. - Brigitte Macron https://t.co/u2z4eFGRVS","1927129797932593421","https://pbs.twimg.com/ext_tw_video_thumb/1927129760431316992/pu/img/uW-qjFh7OLobQeMH.jpg","","en","","0","7","11","https://x.com/undefined/status/1927129797932593421","861525013819785216",
"1927111894235480398","Mon May 26 21:17:34 +0000 2025","99","Be honest! Do you respect president Macron ? A. Yes B. No https://t.co/qLGeN9UWzO","1927111894235480398","https://pbs.twimg.com/media/Gr56DKgXgAEs4HZ.jpg","","en","","0","243","26","https://x.com/undefined/status/1927111894235480398","1895831551541235712",
"1927085522951762322","Mon May 26 19:32:46 +0000 2025","117"," What happened to your eye Emmanuel Macron? I fell https://t.co/G2kPNCXVsZ","1927085522951762322","https://pbs.twimg.com/media/Gr5iEeJWgAEMVjt.jpg","","en","","6","47","18","https://x.com/undefined/status/1927085522951762322","214583605",
"1926939615841190345","Mon May 26 09:52:59 +0000 2025","10766","Bizarre moment Emmanuel Macron is slapped by his wife Brigitte https://t.co/kYsE5MCDV1","1926939615841190345","https://pbs.twimg.com/amplify_video_thumb/1926939448983302144/img/YqrQT52DSZ9M0F4n.jpg","","en","","1337","1514","2100","https://x.com/undefined/status/1926939615841190345","34655603",
"1927049647291343316","Mon May 26 17:10:13 +0000 2025","1002","If you are having a bad day remember Macron is having a worse one. https://t.co/MJk15A2Mnb","1927049647291343316","https://pbs.twimg.com/media/Gr5BcNuWIAI_Oer.jpg","","en","","4","39","57","https://x.com/undefined/status/1927049647291343316","775104300452311041",
"1927039052596879472","Mon May 26 16:28:07 +0000 2025","1098","For the first time ever today I considered the option of Macron s husband actually being a woman because I ve never seen a man fight like this. https://t.co/QE0alOIpVj","1927039052596879472","https://pbs.twimg.com/media/Gr43zfPXIAEwANf.jpg","","en","","8","122","59","https://x.com/undefined/status/1927039052596879472","775104300452311041",
"1926991474500989268","Mon May 26 13:19:03 +0000 2025","92","Bizarre moment French President Emanuel Macron is bitch-slapped by his man-wife. https://t.co/7XWLBz5D7e","1926991474500989268","https://pbs.twimg.com/amplify_video_thumb/1926939448983302144/img/YqrQT52DSZ9M0F4n.jpg","","en","","21","21","15","https://x.com/undefined/status/1926991474500989268","627913245",
"1926982408626147628","Mon May 26 13:42:55 +0000 2025","106","@dom_lucre Emmanuel Macron promises to be a good boy after getting smacked in the face by his daddy. https://t.co/fsQBh4JJql","1926997480895312142","https://pbs.twimg.com/amplify_video_thumb/1926997368802578432/img/9aI9S6rGQuL7z7Fw.jpg","dom_lucre","en","","1","4","17","https://x.com/undefined/status/1926997480895312142","1576104206531960832",
"1926977321140916361","Mon May 26 12:22:49 +0000 2025","724","French president Macron getting punched in the face by his wife while exiting a plane. https://t.co/jEMoIeywKA","1926977321140916361","https://pbs.twimg.com/amplify_video_thumb/1926977268359847938/img/lRPugwuQXmBmC3Ma.jpg","","en","","9","38","52","https://x.com/undefined/status/1926977321140916361","1512907688186826753",
"1926997493578866895","Mon May 26 13:42:59 +0000 2025","199","Macron got slapped? https://t.co/mdm6JkeSA6","1926997493578866895","https://pbs.twimg.com/amplify_video_thumb/1926997224996696064/img/rnADNzjo0xJUUTyg.jpg","","en","","1","37","36","https://x.com/undefined/status/1926997493578866895","1699573975385550848",
"1927054809330287080","Mon May 26 17:30:44 +0000 2025","31","French President Emmanuel Macron gets hit by his abuser wife publicly . This woman is a disgrace to the country of #France. #DomesticViolenceOnMen is the reality. World need gender neutral law on #DomesticViolence #DomesticAbuse @UN @UNWomenWatch @EmmanuelMacron @MLJ_GoI https://t.co/kzAWEFtVcW","1927054809330287080","https://pbs.twimg.com/ext_tw_video_thumb/1927054742145884161/pu/img/N1Eswm1GZ90135aJ.jpg","","en","","1","3","21","https://x.com/undefined/status/1927054809330287080","64355384",
"1926881758567358896","Mon May 26 06:06:13 +0000 2025","292","üá∑üá∫üá´üá∑ 4 days before the Russian invasion (February 20 2022) Macron told Putin that the Minsk agreements had no legal force and is worthless! Macron smashed the last hopes Putin had for a diplomatic settlement Emanuel wanted war. 5/ https://t.co/027l8fiIrc","1926882548111622488","https://pbs.twimg.com/amplify_video_thumb/1926882491777863680/img/s5OPW-Y-N4yer2qu.jpg","MyLordBebo","en","","6","5","70","https://x.com/undefined/status/1926882548111622488","1121807798826930177",
"1927000656797147161","Mon May 26 13:55:33 +0000 2025","21942","Emmanuel Macron s wife slapped him in the face and then refused to hold his arm https://t.co/P6MhC5wIKe","1927000656797147161","https://pbs.twimg.com/amplify_video_thumb/1926939448983302144/img/YqrQT52DSZ9M0F4n.jpg","","en","","482","2651","4526","https://x.com/undefined/status/1927000656797147161","1326229737551912960",
"1926608491294113982","Sun May 25 11:57:13 +0000 2025","3318","Remember how Starmer Macron Tusk &amp; Merz went to Kyiv on May 10 to meet Zelenskyy &amp; push for a 30-day unconditional ceasefire starting May 12? russia only intensified its attacks. Where are the sanctions? Where are the weapons? Not even a word of condemnation from any of them.","1926608491294113982","","","en","","32","100","778","https://x.com/undefined/status/1926608491294113982","1299083712047591425",
"1927050893511348259","Mon May 26 17:15:10 +0000 2025","135","Brigitte Macron en privat #memsrom√†nics https://t.co/5JGIT6h9rr","1927050893511348259","https://pbs.twimg.com/media/Gr5CkinW0AAZ4TP.jpg","","en","","0","3","15","https://x.com/undefined/status/1927050893511348259","1560706315034451974",
"1926974195092623861","Mon May 26 12:10:24 +0000 2025","6578","New photo of Macron released. https://t.co/3HS4wu8J4w","1926974195092623861","https://pbs.twimg.com/media/Gr380QZXIAAMHvQ.jpg","","en","","108","353","899","https://x.com/undefined/status/1926974195092623861","1647291168",
"1926936321676771512","Mon May 26 09:39:54 +0000 2025","4486","Even Macron's wife can't stand this pathetic clown. Here she slaps him in public Well-deserved. https://t.co/qqQFahutOF","1926936321676771512","https://pbs.twimg.com/amplify_video_thumb/1926907196622704640/img/6jNw31u7BH0zh0Io.jpg","","en","","64","217","652","https://x.com/undefined/status/1926936321676771512","801203059359678464",
"1926957059917893722","Mon May 26 11:02:18 +0000 2025","69","Lil' Macron got bitch-slapped https://t.co/V1ICCrC8Te","1926957059917893722","https://pbs.twimg.com/amplify_video_thumb/1926922806383575040/img/2Hjex7kBZRcVL7dr.jpg","","en","","5","11","14","https://x.com/undefined/status/1926957059917893722","1288487603130507265",
"1927023129936711692","Mon May 26 15:24:51 +0000 2025","1172","Macron is getting MAN handled by his wife https://t.co/aR7l37HMvR","1927023129936711692","https://pbs.twimg.com/ext_tw_video_thumb/1926969238004039680/pu/img/zr90qv7LRA9R6lH2.jpg","","en","","11","109","131","https://x.com/undefined/status/1927023129936711692","95994080",
"1926964172304122260","Mon May 26 11:30:34 +0000 2025","774","Someone needs to slap some sense into Macron. His wife? Ok. Since you asked so nicely. Watch this crazy footage of her slapping him and then refusing to take his arm after he extended it to her. https://t.co/vojLfconwG","1926964172304122260","https://pbs.twimg.com/amplify_video_thumb/1926963763338498048/img/F05i7lMW4Vb239yp.jpg","","en","","9","62","117","https://x.com/undefined/status/1926964172304122260","15930061",
"1927019811281723475","Mon May 26 15:11:39 +0000 2025","103","Poor Macron. The whole world is laughing at him so much that there s even a meme coin named SLAPCOIN. I LOVE THE INTERNET! https://t.co/wgwOd9H3bD https://t.co/NdiCUSZZJX","1927019811281723475","https://pbs.twimg.com/tweet_video_thumb/Gr4mEyzWcAEnycK.jpg","","en","","5","14","24","https://x.com/undefined/status/1927019811281723475","243318995",
"1927074889615167989","Mon May 26 18:50:31 +0000 2025","156","WWIII start Macron and her wife Brigette French President Emmanuel Macron got slapped from his wife Brigette in full public &amp; Paparazzi #Macron https://t.co/DCFMOKRvF3","1927074889615167989","https://pbs.twimg.com/ext_tw_video_thumb/1927074812532305920/pu/img/g5ImR2tFF3sNaOcU.jpg","","en","","14","51","53","https://x.com/undefined/status/1927074889615167989","1268089611680714753",
"1927053724905525630","Mon May 26 17:26:25 +0000 2025","72","Today we are all Brigitte Macron. https://t.co/xcwkuBk78r","1927053724905525630","https://pbs.twimg.com/media/Gr5FJs1W0AAdGC3.jpg","","en","","1","17","7","https://x.com/undefined/status/1927053724905525630","73937639",
"1927055476279116080","Mon May 26 17:33:23 +0000 2025","35","President Macron gets the five finger special from his wife! https://t.co/x6tgKyNVrt","1927055476279116080","https://pbs.twimg.com/ext_tw_video_thumb/1927055459950772225/pu/img/1OhLg5s6RIRq0NAG.jpg","","en","","0","14","5","https://x.com/undefined/status/1927055476279116080","1568392726122561537",
"1926940186841137241","Mon May 26 09:55:16 +0000 2025","416","What Brigitte Macron is likely doing here is wiping cocaine powder from Macron's nose. It is not a slap . Look carefully. He is one of the Cocaine Alliance. https://t.co/lcGlDV9SMc","1926940186841137241","https://pbs.twimg.com/ext_tw_video_thumb/1926940164036714496/pu/img/j5GIzeKJtpUh7he-.jpg","","en","","19","50","133","https://x.com/undefined/status/1926940186841137241","856590732907433985",
"1926952414017429729","Mon May 26 10:43:51 +0000 2025","873","French President Macron gets slapped by his wife Brigitte Macron when they arrive in Vietnam People are making fun of the president getting slapped by his wife. What if the gender is reversed? Who knows he might be a victim of #domesticviolence. https://t.co/K3GHZBghFk","1926952414017429729","https://pbs.twimg.com/amplify_video_thumb/1926950710630875136/img/Jk900trQnPXucvSO.jpg","","en","","37","132","224","https://x.com/undefined/status/1926952414017429729","599873118",
"1926988400348795340","Mon May 26 13:52:16 +0000 2025","233","@catturd2 This is what happens when a weak man like Emmanuel Macron marries a dude with a wig he gets manhandled and slapped in the face. Emmanuel Macron was probably threatening to go public that he married a man and was groomed as a child and got a warning slap by him No you're not! https://t.co/wqnzjdEnMJ","1926999831886598614","https://pbs.twimg.com/amplify_video_thumb/1926998311073902592/img/EiGPyiltDYSbRTpi.jpg","catturd2","en","","8","15","81","https://x.com/undefined/status/1926999831886598614","1576104206531960832",
"1926971327379886222","Mon May 26 11:59:00 +0000 2025","1074","I m not sure why there is a great deal of controversy with Brigitte Macron slapping Emmanuel Macron. The world functioned better when fathers smacked their children when they got out of line. Brigitte is just being a good father.","1926971327379886222","","","en","","7","79","100","https://x.com/undefined/status/1926971327379886222","46302096",
"1926916155660292260","Mon May 26 08:19:46 +0000 2025","631","Emmanuel Macron is welcomed with a Hot clap upon Arrival in Vietnam. Marrying your grandfather brings bad luck https://t.co/R380kZEdvH","1926916155660292260","https://pbs.twimg.com/amplify_video_thumb/1926916083593736192/img/p7s0ovmJrlAodwDQ.jpg","","en","","5","34","130","https://x.com/undefined/status/1926916155660292260","338004749",
"1927044176090198510","Mon May 26 16:48:28 +0000 2025","244","Em-main-nuel Macron. https://t.co/c95lGSY7IE","1927044176090198510","https://pbs.twimg.com/media/Gr48dhkXwAEfHpz.jpg","","en","","2","21","57","https://x.com/undefined/status/1927044176090198510","3402184198",
"1926936418942677409","Mon May 26 09:40:17 +0000 2025","193"," Macron: Slapped at Home Rejected Abroad From Brigitte s viral moment to being politically humiliated by African leaders like Ibrahim Traor√© Macron is fast becoming a symbol of Western decline. Yet Abiy Ahmed still pins his hopes on him to rescue a failing regime in https://t.co/PcozaHtqqM","1926936418942677409","https://pbs.twimg.com/amplify_video_thumb/1926934193897910272/img/mmw_ASkzCZSvhpVy.jpg","","en","","6","8","129","https://x.com/undefined/status/1926936418942677409","531273307",
"1927099924547813533","Mon May 26 20:30:00 +0000 2025","1300"," She's got shoulders like a linebacker an Adam's apple the size of Alabama. @itslinklauren reacts to French President Emmanuel Macron getting MAULED by his wife in public! https://t.co/dctOhSXXDr","1927099924547813533","https://pbs.twimg.com/amplify_video_thumb/1927090089806487553/img/KGLqxOT4p6VHpVjH.jpg","","en","","5","43","134","https://x.com/undefined/status/1927099924547813533","1904330073265799168",
"1927051937985245373","Mon May 26 17:19:19 +0000 2025","81","Emmanuel Macron s wife slapped him in the face and then refused to hold his arm https://t.co/lsOhMwCIWU","1927051937985245373","https://pbs.twimg.com/amplify_video_thumb/1926939448983302144/img/YqrQT52DSZ9M0F4n.jpg","","en","","7","36","49","https://x.com/undefined/status/1927051937985245373","1653780937379815424",
"1926957874917282131","Mon May 26 11:05:33 +0000 2025","459"," Brigitte Macron caught hitting her husband Emmanuel Macron in the face. https://t.co/8V80iP5VyS","1926957874917282131","","","en","","12","86","69","https://x.com/undefined/status/1926957874917282131","91416107",
"1926927785894842797","Mon May 26 09:05:59 +0000 2025","350","Macron gets slapped in the face by his WIFE Brigitte. In a viral video Brigitte Macron hit Macron in the face as the French President appears shocked. His office initially denied the incident but has now come out and said it was teasing. https://t.co/Kk57fcpNJA","1926927785894842797","https://pbs.twimg.com/amplify_video_thumb/1926913730844950528/img/mD3_YlquLIaigFw8.jpg","","en","","18","73","59","https://x.com/undefined/status/1926927785894842797","91416107",
"1926910131138093429","Mon May 26 07:55:50 +0000 2025","142","Emmanuel Macron Gets Punched in the Face by His Wife / Husband / Grandmother/ Grandfather. .... Who knows??? https://t.co/27NhJ8MK0b","1926910131138093429","https://pbs.twimg.com/ext_tw_video_thumb/1926910101744394242/pu/img/iAnejYtwjwbqhM6u.jpg","","en","","8","19","37","https://x.com/undefined/status/1926910131138093429","1874904902440214528",
"1926986099487809973","Mon May 26 12:57:42 +0000 2025","444","I have nothing to do with Emmanuel Macron because I really don t like his personality especially when he makes deals with terrorists and has repeatedly betrayed the people of Iran and Israel. But let s be clear: if a man had done the same thing to a woman every feminist group https://t.co/H8UCxZTqBg","1926986099487809973","https://pbs.twimg.com/amplify_video_thumb/1926986041983946752/img/5iipsjL9QkpAvjUF.jpg","","en","","0","35","39","https://x.com/undefined/status/1926986099487809973","1370279648970555392",
"1927091512380199375","Mon May 26 19:56:34 +0000 2025","27","the clown macron was not hugged by his husband https://t.co/Dkkw30SgX8","1927091512380199375","https://pbs.twimg.com/ext_tw_video_thumb/1927091340187250688/pu/img/IJTtoUd5qsPv6dmT.jpg","","en","","1","0","4","https://x.com/undefined/status/1927091512380199375","450555438",
"1927007963039793260","Mon May 26 14:24:35 +0000 2025","2487","French President Emmanuel Macron @EmmanuelMacron: I think President Trump realizes that when President Putin on the phone told him he was ready for peace or when President Putin told his envoys he was ready for peace he lied to them. Over the last few hours we have once https://t.co/OSpoC41YnC","1927007963039793260","https://pbs.twimg.com/ext_tw_video_thumb/1927007904562900992/pu/img/1oL5ZhKSd9p_-tbd.jpg","","en","","21","89","655","https://x.com/undefined/status/1927007963039793260","1505481949854502915",
"1927040090070454499","Mon May 26 16:32:14 +0000 2025","1952","French President Emmanuel Macron shoved in face by wife Brigitte in front of world s media https://t.co/R1pnj4DIL6","1927040090070454499","https://pbs.twimg.com/amplify_video_thumb/1927040031689969664/img/psjmJZYUTomoy-aX.jpg","","en","","137","323","424","https://x.com/undefined/status/1927040090070454499","15438913",
"1926919440861429927","Mon May 26 08:32:49 +0000 2025","672","Emmanuel and Brigitte Macron arrive in Vietnam. Looks like Brigitte found out about Macron s relationship with Zelensky and Starmer and he ain t happy about it. https://t.co/AlAXOIk4yZ","1926919440861429927","https://pbs.twimg.com/amplify_video_thumb/1926919384502571008/img/cEZ6AaOgT_XnBkYz.jpg","","en","","20","63","190","https://x.com/undefined/status/1926919440861429927","1503739829561004035",
"1926937712344387864","Mon May 26 09:45:26 +0000 2025","7836","Macron with his beautiful wife Brigitte. https://t.co/6Om88w3z3p","1926937712344387864","https://pbs.twimg.com/media/Gr3bcIIWIAAdBuR.jpg","","en","","143","1893","752","https://x.com/undefined/status/1926937712344387864","1429400366819512323",
"1926993519907942757","Mon May 26 13:27:11 +0000 2025","1862","Bizarre moment French President Macron is shoved in the face by his wife during a squabble https://t.co/bPxFczUMoS https://t.co/gpyrbA4oiS","1926993519907942757","https://pbs.twimg.com/amplify_video_thumb/1926993254551011328/img/Y9okP5JYyAW_yC8F.jpg","","en","","123","310","455","https://x.com/undefined/status/1926993519907942757","17469289",
"1926920016013709607","Mon May 26 08:35:06 +0000 2025","115","Poor Macron https://t.co/2dZlSGBNce","1926920016013709607","https://pbs.twimg.com/amplify_video_thumb/1926919952109301760/img/AIzLDf2xgYMfsBtA.jpg","","en","","3","8","19","https://x.com/undefined/status/1926920016013709607","338004749",
"1926917340370715044","Mon May 26 08:24:28 +0000 2025","166"," Macron's Vietnam trip highlights: Got slapped Plane door oopsie Accidental footage release French diplomacy at its finest https://t.co/VBr6wMTvMZ","1926917340370715044","https://pbs.twimg.com/ext_tw_video_thumb/1926917293100937216/pu/img/zBZISjSkJ85nxf5W.jpg","","en","","2","10","30","https://x.com/undefined/status/1926917340370715044","233320217",
"1927087330331885663","Mon May 26 19:39:57 +0000 2025","22","Macron slapped im in. 9WJg68vrPTGQM4r3jwn7CEvSYAjfQsFcC4QzMcnrpump","1927087330331885663","","","en","","0","11","4","https://x.com/undefined/status/1927087330331885663","1811671643552415744",
"1926994798642168078","Mon May 26 13:32:16 +0000 2025","18","If it wasn't bad enough that Bridgette Macron groomed Emmanuel Macron when she was his 39 year old teacher and he was just 15 years old she also physically abuses him https://t.co/h2waveZ0qE","1926994798642168078","https://pbs.twimg.com/amplify_video_thumb/1926994391144488960/img/BSLIJenM2mWdDxXS.jpg","","en","","0","4","4","https://x.com/undefined/status/1926994798642168078","900819727",
"1926987173863010397","Mon May 26 13:01:58 +0000 2025","142","Something tells me the elites are struggling to live their best lives right now. His transvestite husband just made Macron his little . P.S. This video is 100% confirmed real. https://t.co/DPcTp9Im4B","1926987173863010397","https://pbs.twimg.com/amplify_video_thumb/1926986554897035265/img/cAW5Smst_5OnRSNb.jpg","","en","","0","13","29","https://x.com/undefined/status/1926987173863010397","1518644583109910528",
